Title,Department,Position,Branch,Joined,Quote,CareerHighlights,FunFact,SortOrder,Active
Selom Cofie Atta,Corporate & Investment Banking,"Director, Special Projects",Head Office,2006-03-01,,,,1,Yes
Jemima Audrey Annan,Prestige Banking,"Head, Prestige Banking",Head Office,2006-04-10,,,,2,Yes
Juliana Owusu-Ansah,Retail Network,"Head, Client Engagement Center",Head Office Annex,2006-02-15,,,,3,Yes
Edward Sadoc Annobil,Retail Network,"Relationship Manager, Commercial Banking",Abbosey Okai Main,2006-05-02,,,,4,Yes
Patience Abena Duffuor,Retail Network,Branch Sales & Services Manager,Kwame Nkrumah Avenue,2006-06-12,,,,5,Yes
Kwaku K. Barnafo,Banking Operations,Operations Control Manager,Head Office Annex - Orange Height,2006-01-23,,,,6,Yes
Edna Engmann,Technology,"Head, Transformation Program",Head Office,2006-07-03,,,,7,Yes
Cecilia Twum-Barima,Retail Network,Branch Sales & Services Manager,Ashaley Botwe Express Center,2006-08-14,,,,8,Yes
Seidu Iddrisu,Banking Operations,Document Control Officer,Adenta Branch,2006-09-01,,,,9,Yes
Simon Adu-Gyamfi,Banking Operations,Chief Support Officer,Head Office,2006-03-20,,,,10,Yes
John Taricone,Financial & Capital Markets,"Head, Corporate Finance",Head Office,2006-10-09,,,,11,Yes
Akwasi Adu-Boahene,Fidelity Securities Limited,Head Fidelity Securities Limited,Head Office,2006-11-06,,,,12,Yes
Ebenezer Tetteh Larweh,Banking Operation,Cash Collection Officer,Berekum Branch,2006-01-01,,,,13,Yes
