Title,Value,DateValue,ContentGroup
hero.title,20 Years of Audacious Steps,,Hero
hero.subtitle,"For two decades, we have embraced bold ideas, navigated challenges, empowered our people, and transformed possibilities into achievements.",,Hero
hero.btn1,Meet our {count} audacious legends,,Hero
hero.btn2,Our audacious journey,,Hero
hero.btn3,Watch the celebration,,Hero
countdown.title,Countdown to Our Grand 20th Anniversary Celebration,,Countdown
countdown.lead,"The countdown is on as we prepare to celebrate 20 years of excellence, innovation, and impact.",,Countdown
journey.heading,Twenty audacious steps,,Headings
journey.sub,Each milestone from 2006 to today was a bold move.,,Headings
tree.heading,The Tree of Legacy,,Headings
tree.sub,Every colleague who has given us 20 years. Select a name to read their story.,,Headings
legends.heading,Our {count} Audacious Legends,,Headings
legends.sub,Honouring the {count} Audacious Legends who have shaped our journey over the last 20 years.,,Headings
memory.heading,Memory Lane,,Headings
memory.sub,Moments from our first 20 years.,,Headings
voices.heading,Voices of appreciation,,Headings
voices.sub,Messages from our leaders.,,Headings
video.heading,Anniversary video,,Headings
video.sub,,,Headings
video.url,,,Headings
board.heading,Orange Family Celebration Board,,Headings
board.sub,"Share a message celebrating our people, our journey, and our 20 Years of Audacious Steps.",,Headings
gallery.heading,Celebration Gallery,,Headings
gallery.sub,Memories and moments from our 20th anniversary celebrations.,,Headings
footer.heading,Here is to the next audacious step,,Footer
footer.sub,"Twenty years of bold moves, and we are just getting started.",,Footer
countdown.date,,2026-10-06 13:15,Countdown
